Metric,Value
ARI,0.9154380254265206
RAND,0.9834135859227237
NMI,0.9260618648610237
AMI,0.9253497120134028
Silhouette_Leiden,0.2134297788143158
Silhouette_Louvain,0.20743462443351746
